x	y	showSelected1
12	11	1
13	10	2
12	11	2
12	9	3
13	10	3
12	11	3
13	8	4
14	9	4
11	10	4
12	11	4
14	7	5
13	8	5
12	9	5
11	10	5
12	11	5
15	6	6
12	7	6
11	8	6
10	9	6
13	10	6
12	11	6
16	5	7
11	6	7
12	7	7
9	8	7
12	9	7
11	10	7
12	11	7
17	4	8
10	5	8
11	6	8
10	7	8
13	8	8
12	9	8
11	10	8
12	11	8
16	3	9
11	4	9
10	5	9
9	6	9
12	7	9
11	8	9
10	9	9
11	10	9
12	11	9
15	2	10
10	3	10
9	4	10
8	5	10
13	6	10
10	7	10
9	8	10
10	9	10
13	10	10
12	11	10
14	1	11
9	2	11
8	3	11
7	4	11
12	5	11
11	6	11
8	7	11
11	8	11
14	9	11
11	10	11
12	11	11
15	0	12
10	1	12
9	2	12
6	3	12
13	4	12
12	5	12
7	6	12
10	7	12
15	8	12
10	9	12
13	10	12
12	11	12
9	0	13
8	1	13
7	2	13
14	3	13
13	4	13
6	5	13
9	6	13
14	7	13
11	8	13
14	9	13
11	10	13
12	11	13
7	0	14
8	1	14
15	2	14
14	3	14
7	4	14
8	5	14
13	6	14
12	7	14
15	8	14
10	9	14
11	10	14
12	11	14
7	0	15
16	1	15
13	2	15
8	3	15
7	4	15
12	5	15
13	6	15
14	7	15
11	8	15
12	9	15
11	10	15
12	11	15
15	0	16
14	1	16
9	2	16
8	3	16
13	4	16
14	5	16
15	6	16
10	7	16
13	8	16
12	9	16
11	10	16
12	11	16
13	0	17
10	1	17
7	2	17
14	3	17
15	4	17
16	5	17
11	6	17
14	7	17
11	8	17
12	9	17
13	10	17
12	11	17
9	0	18
8	1	18
13	2	18
16	3	18
15	4	18
10	5	18
13	6	18
10	7	18
13	8	18
12	9	18
11	10	18
12	11	18
7	0	19
12	1	19
15	2	19
16	3	19
11	4	19
14	5	19
11	6	19
14	7	19
13	8	19
10	9	19
13	10	19
12	11	19
11	0	20
16	1	20
15	2	20
10	3	20
15	4	20
12	5	20
13	6	20
14	7	20
9	8	20
12	9	20
13	10	20
12	11	20
17	0	21
14	1	21
9	2	21
16	3	21
13	4	21
14	5	21
15	6	21
10	7	21
13	8	21
12	9	21
13	10	21
12	11	21
13	0	22
8	1	22
15	2	22
14	3	22
13	4	22
14	5	22
11	6	22
14	7	22
11	8	22
12	9	22
13	10	22
12	11	22
9	0	23
16	1	23
13	2	23
12	3	23
15	4	23
12	5	23
15	6	23
12	7	23
13	8	23
14	9	23
11	10	23
12	11	23
15	0	24
12	1	24
11	2	24
14	3	24
11	4	24
14	5	24
11	6	24
12	7	24
15	8	24
12	9	24
11	10	24
12	11	24
13	0	25
12	1	25
13	2	25
12	3	25
15	4	25
12	5	25
11	6	25
14	7	25
13	8	25
10	9	25
11	10	25
12	11	25
13	0	26
12	1	26
13	2	26
16	3	26
11	4	26
12	5	26
13	6	26
14	7	26
9	8	26
12	9	26
11	10	26
12	11	26
11	0	27
14	1	27
17	2	27
10	3	27
13	4	27
12	5	27
13	6	27
10	7	27
11	8	27
10	9	27
11	10	27
12	11	27
13	0	28
16	1	28
9	2	28
12	3	28
11	4	28
12	5	28
11	6	28
12	7	28
9	8	28
10	9	28
13	10	28
12	11	28
17	0	29
10	1	29
11	2	29
12	3	29
13	4	29
10	5	29
13	6	29
10	7	29
9	8	29
12	9	29
13	10	29
12	11	29
9	0	30
12	1	30
11	2	30
14	3	30
9	4	30
14	5	30
9	6	30
10	7	30
13	8	30
12	9	30
11	10	30
12	11	30
11	0	31
10	1	31
15	2	31
8	3	31
15	4	31
10	5	31
9	6	31
14	7	31
11	8	31
12	9	31
13	10	31
12	11	31
11	0	32
16	1	32
9	2	32
14	3	32
11	4	32
10	5	32
13	6	32
10	7	32
13	8	32
12	9	32
13	10	32
12	11	32
15	0	33
10	1	33
15	2	33
12	3	33
9	4	33
12	5	33
9	6	33
14	7	33
13	8	33
14	9	33
11	10	33
12	11	33
9	0	34
14	1	34
11	2	34
8	3	34
13	4	34
8	5	34
15	6	34
14	7	34
15	8	34
10	9	34
11	10	34
12	11	34
13	0	35
10	1	35
7	2	35
14	3	35
7	4	35
14	5	35
13	6	35
16	7	35
9	8	35
12	9	35
13	10	35
12	11	35
11	0	36
6	1	36
13	2	36
6	3	36
13	4	36
12	5	36
17	6	36
10	7	36
11	8	36
12	9	36
13	10	36
12	11	36
5	0	37
12	1	37
5	2	37
14	3	37
13	4	37
16	5	37
11	6	37
10	7	37
13	8	37
14	9	37
13	10	37
12	11	37
11	0	38
4	1	38
15	2	38
12	3	38
15	4	38
10	5	38
9	6	38
14	7	38
13	8	38
12	9	38
13	10	38
12	11	38
3	0	39
14	1	39
11	2	39
16	3	39
11	4	39
10	5	39
15	6	39
14	7	39
13	8	39
14	9	39
11	10	39
12	11	39
15	0	40
10	1	40
15	2	40
12	3	40
9	4	40
14	5	40
15	6	40
12	7	40
13	8	40
12	9	40
11	10	40
12	11	40
9	0	41
16	1	41
11	2	41
10	3	41
13	4	41
14	5	41
13	6	41
12	7	41
13	8	41
12	9	41
11	10	41
12	11	41
17	0	42
10	1	42
11	2	42
14	3	42
13	4	42
14	5	42
11	6	42
12	7	42
11	8	42
12	9	42
13	10	42
12	11	42
9	0	43
12	1	43
13	2	43
14	3	43
13	4	43
10	5	43
13	6	43
12	7	43
11	8	43
12	9	43
13	10	43
12	11	43
13	0	44
12	1	44
13	2	44
12	3	44
11	4	44
14	5	44
11	6	44
10	7	44
11	8	44
14	9	44
13	10	44
12	11	44
13	0	45
14	1	45
11	2	45
10	3	45
13	4	45
12	5	45
11	6	45
10	7	45
13	8	45
12	9	45
13	10	45
12	11	45
13	0	46
10	1	46
11	2	46
14	3	46
13	4	46
12	5	46
11	6	46
14	7	46
11	8	46
12	9	46
11	10	46
12	11	46
9	0	47
12	1	47
13	2	47
12	3	47
13	4	47
12	5	47
13	6	47
12	7	47
13	8	47
12	9	47
11	10	47
12	11	47
13	0	48
12	1	48
13	2	48
14	3	48
11	4	48
14	5	48
11	6	48
12	7	48
11	8	48
12	9	48
11	10	48
12	11	48
11	0	49
12	1	49
13	2	49
10	3	49
15	4	49
10	5	49
13	6	49
12	7	49
13	8	49
10	9	49
11	10	49
12	11	49
11	0	50
14	1	50
9	2	50
14	3	50
9	4	50
12	5	50
13	6	50
12	7	50
11	8	50
12	9	50
11	10	50
12	11	50
15	0	51
8	1	51
13	2	51
10	3	51
11	4	51
12	5	51
13	6	51
12	7	51
11	8	51
10	9	51
11	10	51
12	11	51
7	0	52
12	1	52
11	2	52
12	3	52
13	4	52
14	5	52
13	6	52
12	7	52
11	8	52
12	9	52
11	10	52
12	11	52
13	0	53
12	1	53
11	2	53
12	3	53
15	4	53
12	5	53
11	6	53
10	7	53
13	8	53
10	9	53
13	10	53
12	11	53
11	0	54
12	1	54
11	2	54
14	3	54
13	4	54
12	5	54
11	6	54
12	7	54
9	8	54
12	9	54
11	10	54
12	11	54
11	0	55
12	1	55
13	2	55
14	3	55
13	4	55
12	5	55
11	6	55
8	7	55
13	8	55
12	9	55
11	10	55
12	11	55
11	0	56
14	1	56
15	2	56
12	3	56
11	4	56
10	5	56
7	6	56
12	7	56
13	8	56
10	9	56
13	10	56
12	11	56
15	0	57
14	1	57
11	2	57
10	3	57
11	4	57
8	5	57
13	6	57
14	7	57
11	8	57
12	9	57
11	10	57
12	11	57
13	0	58
12	1	58
9	2	58
10	3	58
9	4	58
12	5	58
15	6	58
12	7	58
13	8	58
12	9	58
13	10	58
12	11	58
11	0	59
8	1	59
11	2	59
10	3	59
11	4	59
14	5	59
13	6	59
12	7	59
13	8	59
12	9	59
13	10	59
12	11	59
9	0	60
12	1	60
11	2	60
12	3	60
15	4	60
12	5	60
11	6	60
12	7	60
11	8	60
12	9	60
13	10	60
12	11	60
13	0	61
12	1	61
13	2	61
16	3	61
11	4	61
12	5	61
13	6	61
10	7	61
11	8	61
14	9	61
13	10	61
12	11	61
13	0	62
12	1	62
15	2	62
10	3	62
11	4	62
12	5	62
9	6	62
12	7	62
13	8	62
14	9	62
11	10	62
12	11	62
13	0	63
14	1	63
11	2	63
12	3	63
13	4	63
10	5	63
11	6	63
12	7	63
15	8	63
12	9	63
11	10	63
12	11	63
15	0	64
10	1	64
13	2	64
14	3	64
11	4	64
10	5	64
11	6	64
16	7	64
11	8	64
10	9	64
11	10	64
12	11	64
9	0	65
12	1	65
13	2	65
12	3	65
11	4	65
12	5	65
17	6	65
10	7	65
11	8	65
12	9	65
13	10	65
12	11	65
13	0	66
12	1	66
13	2	66
10	3	66
11	4	66
18	5	66
9	6	66
12	7	66
13	8	66
14	9	66
11	10	66
12	11	66
11	0	67
12	1	67
9	2	67
10	3	67
17	4	67
10	5	67
13	6	67
14	7	67
13	8	67
10	9	67
11	10	67
12	11	67
13	0	68
10	1	68
11	2	68
16	3	68
11	4	68
12	5	68
15	6	68
14	7	68
11	8	68
10	9	68
13	10	68
12	11	68
11	0	69
12	1	69
17	2	69
12	3	69
11	4	69
16	5	69
15	6	69
12	7	69
9	8	69
14	9	69
11	10	69
12	11	69
13	0	70
16	1	70
13	2	70
10	3	70
17	4	70
14	5	70
11	6	70
10	7	70
15	8	70
12	9	70
13	10	70
12	11	70
15	0	71
12	1	71
11	2	71
16	3	71
15	4	71
12	5	71
11	6	71
14	7	71
11	8	71
12	9	71
13	10	71
12	11	71
13	0	72
12	1	72
15	2	72
16	3	72
13	4	72
10	5	72
15	6	72
10	7	72
13	8	72
14	9	72
11	10	72
12	11	72
11	0	73
14	1	73
17	2	73
14	3	73
9	4	73
14	5	73
11	6	73
14	7	73
15	8	73
10	9	73
11	10	73
12	11	73
15	0	74
18	1	74
13	2	74
8	3	74
13	4	74
12	5	74
13	6	74
14	7	74
11	8	74
10	9	74
13	10	74
12	11	74
19	0	75
12	1	75
7	2	75
14	3	75
11	4	75
12	5	75
15	6	75
12	7	75
11	8	75
12	9	75
13	10	75
12	11	75
11	0	76
6	1	76
15	2	76
10	3	76
11	4	76
16	5	76
11	6	76
10	7	76
11	8	76
14	9	76
11	10	76
12	11	76
5	0	77
16	1	77
9	2	77
10	3	77
15	4	77
10	5	77
11	6	77
12	7	77
13	8	77
12	9	77
13	10	77
12	11	77
15	0	78
8	1	78
11	2	78
14	3	78
9	4	78
10	5	78
13	6	78
14	7	78
11	8	78
12	9	78
11	10	78
12	11	78
7	0	79
10	1	79
13	2	79
8	3	79
9	4	79
12	5	79
15	6	79
10	7	79
11	8	79
10	9	79
11	10	79
12	11	79
11	0	80
12	1	80
7	2	80
10	3	80
13	4	80
14	5	80
9	6	80
12	7	80
11	8	80
10	9	80
11	10	80
12	11	80
13	0	81
8	1	81
9	2	81
12	3	81
13	4	81
8	5	81
13	6	81
10	7	81
11	8	81
10	9	81
11	10	81
12	11	81
9	0	82
10	1	82
11	2	82
14	3	82
7	4	82
14	5	82
9	6	82
12	7	82
11	8	82
12	9	82
11	10	82
12	11	82
11	0	83
10	1	83
13	2	83
8	3	83
13	4	83
8	5	83
13	6	83
12	7	83
13	8	83
10	9	83
11	10	83
12	11	83
11	0	84
12	1	84
7	2	84
12	3	84
9	4	84
14	5	84
11	6	84
14	7	84
11	8	84
12	9	84
13	10	84
12	11	84
13	0	85
8	1	85
13	2	85
8	3	85
15	4	85
12	5	85
13	6	85
12	7	85
11	8	85
12	9	85
13	10	85
12	11	85
7	0	86
14	1	86
9	2	86
14	3	86
13	4	86
12	5	86
11	6	86
12	7	86
11	8	86
14	9	86
11	10	86
12	11	86
13	0	87
8	1	87
13	2	87
14	3	87
11	4	87
10	5	87
11	6	87
12	7	87
15	8	87
10	9	87
11	10	87
12	11	87
7	0	88
12	1	88
15	2	88
10	3	88
11	4	88
12	5	88
13	6	88
14	7	88
11	8	88
10	9	88
13	10	88
12	11	88
11	0	89
14	1	89
9	2	89
10	3	89
11	4	89
14	5	89
15	6	89
10	7	89
9	8	89
14	9	89
11	10	89
12	11	89
13	0	90
8	1	90
9	2	90
12	3	90
13	4	90
16	5	90
9	6	90
10	7	90
13	8	90
10	9	90
13	10	90
12	11	90
9	0	91
10	1	91
13	2	91
14	3	91
17	4	91
10	5	91
11	6	91
12	7	91
11	8	91
14	9	91
11	10	91
12	11	91
11	0	92
14	1	92
15	2	92
18	3	92
11	4	92
10	5	92
11	6	92
10	7	92
13	8	92
10	9	92
13	10	92
12	11	92
15	0	93
16	1	93
19	2	93
12	3	93
11	4	93
12	5	93
11	6	93
12	7	93
9	8	93
12	9	93
13	10	93
12	11	93
15	0	94
20	1	94
11	2	94
12	3	94
13	4	94
12	5	94
11	6	94
10	7	94
11	8	94
12	9	94
11	10	94
12	11	94
21	0	95
10	1	95
11	2	95
12	3	95
13	4	95
12	5	95
11	6	95
12	7	95
11	8	95
12	9	95
11	10	95
12	11	95
11	0	96
12	1	96
13	2	96
12	3	96
11	4	96
12	5	96
11	6	96
10	7	96
11	8	96
10	9	96
13	10	96
12	11	96
13	0	97
14	1	97
11	2	97
10	3	97
11	4	97
12	5	97
9	6	97
10	7	97
11	8	97
14	9	97
11	10	97
12	11	97
15	0	98
12	1	98
11	2	98
10	3	98
11	4	98
8	5	98
9	6	98
12	7	98
15	8	98
12	9	98
11	10	98
12	11	98
13	0	99
10	1	99
9	2	99
12	3	99
7	4	99
10	5	99
13	6	99
16	7	99
13	8	99
12	9	99
13	10	99
12	11	99
11	0	100
10	1	100
11	2	100
8	3	100
11	4	100
12	5	100
15	6	100
14	7	100
13	8	100
14	9	100
11	10	100
12	11	100
11	0	101
10	1	101
9	2	101
12	3	101
13	4	101
16	5	101
13	6	101
12	7	101
13	8	101
12	9	101
13	10	101
12	11	101
11	0	102
10	1	102
13	2	102
12	3	102
17	4	102
12	5	102
13	6	102
14	7	102
11	8	102
12	9	102
11	10	102
12	11	102
9	0	103
14	1	103
13	2	103
18	3	103
11	4	103
12	5	103
13	6	103
10	7	103
13	8	103
10	9	103
13	10	103
12	11	103
15	0	104
14	1	104
19	2	104
10	3	104
13	4	104
14	5	104
9	6	104
14	7	104
9	8	104
14	9	104
11	10	104
12	11	104
13	0	105
18	1	105
11	2	105
14	3	105
13	4	105
8	5	105
13	6	105
10	7	105
15	8	105
10	9	105
13	10	105
12	11	105
19	0	106
10	1	106
13	2	106
12	3	106
9	4	106
14	5	106
9	6	106
14	7	106
9	8	106
14	9	106
11	10	106
12	11	106
9	0	107
14	1	107
11	2	107
8	3	107
13	4	107
10	5	107
15	6	107
10	7	107
13	8	107
10	9	107
11	10	107
12	11	107
15	0	108
10	1	108
7	2	108
14	3	108
9	4	108
14	5	108
11	6	108
14	7	108
9	8	108
12	9	108
13	10	108
12	11	108
9	0	109
8	1	109
15	2	109
10	3	109
15	4	109
10	5	109
13	6	109
8	7	109
11	8	109
12	9	109
11	10	109
12	11	109
7	0	110
16	1	110
11	2	110
16	3	110
11	4	110
12	5	110
7	6	110
12	7	110
11	8	110
10	9	110
11	10	110
12	11	110
17	0	111
10	1	111
17	2	111
10	3	111
11	4	111
8	5	111
11	6	111
12	7	111
11	8	111
12	9	111
11	10	111
12	11	111
9	0	112
18	1	112
9	2	112
10	3	112
7	4	112
10	5	112
11	6	112
12	7	112
11	8	112
12	9	112
11	10	112
12	11	112
19	0	113
10	1	113
9	2	113
6	3	113
11	4	113
12	5	113
13	6	113
10	7	113
13	8	113
12	9	113
13	10	113
12	11	113
9	0	114
10	1	114
7	2	114
12	3	114
11	4	114
14	5	114
11	6	114
12	7	114
13	8	114
14	9	114
13	10	114
12	11	114
9	0	115
6	1	115
13	2	115
12	3	115
15	4	115
12	5	115
11	6	115
12	7	115
15	8	115
12	9	115
11	10	115
12	11	115
7	0	116
14	1	116
13	2	116
14	3	116
11	4	116
10	5	116
11	6	116
14	7	116
11	8	116
12	9	116
11	10	116
12	11	116
15	0	117
12	1	117
15	2	117
12	3	117
11	4	117
12	5	117
13	6	117
10	7	117
11	8	117
12	9	117
11	10	117
12	11	117
13	0	118
16	1	118
13	2	118
12	3	118
13	4	118
12	5	118
11	6	118
12	7	118
11	8	118
12	9	118
11	10	118
12	11	118
15	0	119
14	1	119
13	2	119
14	3	119
13	4	119
12	5	119
11	6	119
12	7	119
13	8	119
10	9	119
13	10	119
12	11	119
13	0	120
12	1	120
15	2	120
14	3	120
13	4	120
12	5	120
11	6	120
12	7	120
9	8	120
14	9	120
11	10	120
12	11	120
13	0	121
16	1	121
13	2	121
12	3	121
11	4	121
12	5	121
11	6	121
10	7	121
15	8	121
12	9	121
13	10	121
12	11	121
17	0	122
14	1	122
11	2	122
10	3	122
11	4	122
12	5	122
11	6	122
14	7	122
11	8	122
12	9	122
11	10	122
12	11	122
13	0	123
12	1	123
9	2	123
10	3	123
11	4	123
10	5	123
15	6	123
10	7	123
13	8	123
12	9	123
11	10	123
12	11	123
13	0	124
8	1	124
9	2	124
12	3	124
11	4	124
16	5	124
9	6	124
14	7	124
13	8	124
12	9	124
13	10	124
12	11	124
7	0	125
10	1	125
13	2	125
12	3	125
15	4	125
8	5	125
13	6	125
14	7	125
11	8	125
14	9	125
13	10	125
12	11	125
9	0	126
14	1	126
13	2	126
14	3	126
9	4	126
14	5	126
15	6	126
10	7	126
13	8	126
12	9	126
11	10	126
12	11	126
13	0	127
14	1	127
15	2	127
8	3	127
15	4	127
14	5	127
9	6	127
14	7	127
13	8	127
12	9	127
11	10	127
12	11	127
15	0	128
16	1	128
7	2	128
16	3	128
15	4	128
8	5	128
13	6	128
14	7	128
13	8	128
12	9	128
13	10	128
12	11	128
17	0	129
6	1	129
17	2	129
14	3	129
7	4	129
12	5	129
13	6	129
12	7	129
13	8	129
14	9	129
11	10	129
12	11	129
5	0	130
16	1	130
15	2	130
8	3	130
11	4	130
12	5	130
13	6	130
12	7	130
13	8	130
10	9	130
11	10	130
12	11	130
17	0	131
14	1	131
9	2	131
10	3	131
13	4	131
12	5	131
11	6	131
12	7	131
11	8	131
12	9	131
13	10	131
12	11	131
13	0	132
8	1	132
11	2	132
12	3	132
11	4	132
12	5	132
13	6	132
12	7	132
13	8	132
14	9	132
11	10	132
12	11	132
7	0	133
12	1	133
13	2	133
12	3	133
13	4	133
14	5	133
11	6	133
14	7	133
13	8	133
12	9	133
13	10	133
12	11	133
11	0	134
14	1	134
13	2	134
14	3	134
15	4	134
12	5	134
13	6	134
14	7	134
13	8	134
12	9	134
11	10	134
12	11	134
13	0	135
12	1	135
15	2	135
14	3	135
13	4	135
12	5	135
15	6	135
14	7	135
13	8	135
10	9	135
11	10	135
12	11	135
13	0	136
14	1	136
15	2	136
12	3	136
13	4	136
14	5	136
15	6	136
14	7	136
9	8	136
12	9	136
11	10	136
12	11	136
15	0	137
14	1	137
11	2	137
14	3	137
15	4	137
16	5	137
15	6	137
10	7	137
11	8	137
10	9	137
13	10	137
12	11	137
15	0	138
12	1	138
13	2	138
16	3	138
17	4	138
14	5	138
11	6	138
10	7	138
11	8	138
12	9	138
13	10	138
12	11	138
13	0	139
14	1	139
15	2	139
18	3	139
15	4	139
12	5	139
11	6	139
12	7	139
11	8	139
12	9	139
13	10	139
12	11	139
15	0	140
16	1	140
19	2	140
16	3	140
11	4	140
12	5	140
11	6	140
10	7	140
11	8	140
12	9	140
11	10	140
12	11	140
17	0	141
18	1	141
15	2	141
10	3	141
13	4	141
10	5	141
9	6	141
12	7	141
11	8	141
10	9	141
11	10	141
12	11	141
17	0	142
14	1	142
9	2	142
12	3	142
11	4	142
10	5	142
11	6	142
10	7	142
9	8	142
10	9	142
13	10	142
12	11	142
15	0	143
8	1	143
11	2	143
10	3	143
9	4	143
10	5	143
9	6	143
10	7	143
11	8	143
14	9	143
13	10	143
12	11	143
7	0	144
12	1	144
9	2	144
10	3	144
9	4	144
8	5	144
9	6	144
12	7	144
13	8	144
12	9	144
11	10	144
12	11	144
13	0	145
8	1	145
11	2	145
8	3	145
9	4	145
8	5	145
13	6	145
12	7	145
11	8	145
12	9	145
13	10	145
12	11	145
9	0	146
12	1	146
7	2	146
10	3	146
7	4	146
14	5	146
13	6	146
10	7	146
13	8	146
14	9	146
13	10	146
12	11	146
11	0	147
6	1	147
11	2	147
8	3	147
15	4	147
14	5	147
11	6	147
12	7	147
15	8	147
12	9	147
11	10	147
12	11	147
7	0	148
10	1	148
9	2	148
16	3	148
13	4	148
12	5	148
11	6	148
16	7	148
13	8	148
10	9	148
11	10	148
12	11	148
9	0	149
10	1	149
15	2	149
12	3	149
11	4	149
12	5	149
17	6	149
14	7	149
11	8	149
12	9	149
11	10	149
12	11	149
11	0	150
16	1	150
13	2	150
12	3	150
11	4	150
16	5	150
13	6	150
10	7	150
11	8	150
12	9	150
13	10	150
12	11	150
17	0	151
14	1	151
13	2	151
12	3	151
15	4	151
12	5	151
11	6	151
10	7	151
11	8	151
14	9	151
11	10	151
12	11	151
13	0	152
12	1	152
11	2	152
14	3	152
13	4	152
10	5	152
11	6	152
10	7	152
15	8	152
12	9	152
11	10	152
12	11	152
11	0	153
12	1	153
13	2	153
14	3	153
11	4	153
10	5	153
11	6	153
16	7	153
11	8	153
10	9	153
13	10	153
12	11	153
13	0	154
12	1	154
13	2	154
10	3	154
9	4	154
10	5	154
15	6	154
12	7	154
11	8	154
14	9	154
11	10	154
12	11	154
13	0	155
12	1	155
9	2	155
8	3	155
11	4	155
16	5	155
11	6	155
12	7	155
15	8	155
12	9	155
11	10	155
12	11	155
11	0	156
8	1	156
7	2	156
12	3	156
15	4	156
10	5	156
11	6	156
16	7	156
13	8	156
12	9	156
13	10	156
12	11	156
9	0	157
8	1	157
13	2	157
14	3	157
9	4	157
10	5	157
15	6	157
12	7	157
13	8	157
12	9	157
13	10	157
12	11	157
9	0	158
12	1	158
15	2	158
8	3	158
11	4	158
16	5	158
11	6	158
14	7	158
13	8	158
12	9	158
13	10	158
12	11	158
13	0	159
14	1	159
7	2	159
10	3	159
15	4	159
10	5	159
13	6	159
14	7	159
11	8	159
12	9	159
13	10	159
12	11	159
15	0	160
6	1	160
11	2	160
14	3	160
11	4	160
14	5	160
13	6	160
10	7	160
13	8	160
14	9	160
13	10	160
12	11	160
5	0	161
12	1	161
15	2	161
12	3	161
15	4	161
14	5	161
11	6	161
12	7	161
15	8	161
14	9	161
11	10	161
12	11	161
13	0	162
14	1	162
13	2	162
14	3	162
13	4	162
10	5	162
13	6	162
14	7	162
15	8	162
12	9	162
11	10	162
12	11	162
15	0	163
12	1	163
13	2	163
12	3	163
9	4	163
14	5	163
13	6	163
16	7	163
13	8	163
12	9	163
11	10	163
12	11	163
11	0	164
14	1	164
11	2	164
10	3	164
13	4	164
12	5	164
17	6	164
12	7	164
11	8	164
10	9	164
11	10	164
12	11	164
15	0	165
10	1	165
9	2	165
14	3	165
11	4	165
16	5	165
11	6	165
12	7	165
11	8	165
12	9	165
11	10	165
12	11	165
9	0	166
8	1	166
15	2	166
12	3	166
15	4	166
10	5	166
11	6	166
12	7	166
11	8	166
10	9	166
13	10	166
12	11	166
7	0	167
16	1	167
11	2	167
14	3	167
9	4	167
12	5	167
11	6	167
12	7	167
11	8	167
12	9	167
11	10	167
12	11	167
17	0	168
12	1	168
15	2	168
10	3	168
13	4	168
10	5	168
11	6	168
10	7	168
11	8	168
10	9	168
13	10	168
12	11	168
11	0	169
16	1	169
9	2	169
12	3	169
9	4	169
12	5	169
9	6	169
10	7	169
9	8	169
12	9	169
13	10	169
12	11	169
15	0	170
10	1	170
13	2	170
10	3	170
11	4	170
8	5	170
11	6	170
8	7	170
13	8	170
14	9	170
13	10	170
12	11	170
11	0	171
14	1	171
11	2	171
10	3	171
7	4	171
12	5	171
9	6	171
12	7	171
13	8	171
12	9	171
13	10	171
12	11	171
15	0	172
10	1	172
9	2	172
8	3	172
11	4	172
10	5	172
11	6	172
14	7	172
11	8	172
14	9	172
11	10	172
12	11	172
9	0	173
10	1	173
9	2	173
12	3	173
9	4	173
10	5	173
15	6	173
12	7	173
15	8	173
12	9	173
11	10	173
12	11	173
9	0	174
8	1	174
13	2	174
10	3	174
9	4	174
16	5	174
11	6	174
14	7	174
13	8	174
12	9	174
13	10	174
12	11	174
9	0	175
14	1	175
9	2	175
8	3	175
17	4	175
12	5	175
15	6	175
14	7	175
11	8	175
12	9	175
11	10	175
12	11	175
13	0	176
8	1	176
9	2	176
18	3	176
11	4	176
16	5	176
13	6	176
12	7	176
13	8	176
12	9	176
13	10	176
12	11	176
7	0	177
10	1	177
17	2	177
12	3	177
15	4	177
14	5	177
13	6	177
12	7	177
13	8	177
12	9	177
13	10	177
12	11	177
11	0	178
16	1	178
13	2	178
16	3	178
15	4	178
14	5	178
11	6	178
12	7	178
13	8	178
12	9	178
13	10	178
12	11	178
15	0	179
12	1	179
15	2	179
14	3	179
13	4	179
12	5	179
13	6	179
12	7	179
13	8	179
12	9	179
13	10	179
12	11	179
13	0	180
16	1	180
15	2	180
14	3	180
11	4	180
14	5	180
13	6	180
14	7	180
11	8	180
14	9	180
11	10	180
12	11	180
15	0	181
14	1	181
15	2	181
12	3	181
15	4	181
14	5	181
13	6	181
10	7	181
15	8	181
12	9	181
11	10	181
12	11	181
15	0	182
16	1	182
13	2	182
16	3	182
15	4	182
14	5	182
11	6	182
14	7	182
11	8	182
12	9	182
11	10	182
12	11	182
15	0	183
12	1	183
17	2	183
14	3	183
15	4	183
12	5	183
13	6	183
10	7	183
13	8	183
12	9	183
11	10	183
12	11	183
13	0	184
16	1	184
15	2	184
16	3	184
11	4	184
14	5	184
9	6	184
14	7	184
13	8	184
10	9	184
13	10	184
12	11	184
17	0	185
16	1	185
17	2	185
10	3	185
15	4	185
10	5	185
15	6	185
14	7	185
9	8	185
14	9	185
13	10	185
12	11	185
17	0	186
16	1	186
9	2	186
14	3	186
9	4	186
16	5	186
15	6	186
8	7	186
15	8	186
12	9	186
11	10	186
12	11	186
17	0	187
10	1	187
15	2	187
10	3	187
17	4	187
14	5	187
7	6	187
14	7	187
13	8	187
10	9	187
11	10	187
12	11	187
9	0	188
14	1	188
9	2	188
16	3	188
13	4	188
8	5	188
15	6	188
14	7	188
9	8	188
10	9	188
11	10	188
12	11	188
15	0	189
10	1	189
17	2	189
12	3	189
7	4	189
16	5	189
15	6	189
8	7	189
9	8	189
12	9	189
13	10	189
12	11	189
11	0	190
18	1	190
11	2	190
8	3	190
15	4	190
14	5	190
9	6	190
8	7	190
13	8	190
14	9	190
13	10	190
12	11	190
17	0	191
10	1	191
7	2	191
16	3	191
13	4	191
10	5	191
9	6	191
12	7	191
13	8	191
12	9	191
11	10	191
12	11	191
9	0	192
6	1	192
17	2	192
12	3	192
11	4	192
10	5	192
11	6	192
12	7	192
13	8	192
10	9	192
11	10	192
12	11	192
5	0	193
16	1	193
11	2	193
12	3	193
11	4	193
10	5	193
11	6	193
12	7	193
9	8	193
10	9	193
11	10	193
12	11	193
15	0	194
12	1	194
11	2	194
10	3	194
11	4	194
10	5	194
11	6	194
10	7	194
9	8	194
12	9	194
11	10	194
12	11	194
13	0	195
10	1	195
9	2	195
12	3	195
11	4	195
12	5	195
9	6	195
10	7	195
11	8	195
10	9	195
11	10	195
12	11	195
11	0	196
10	1	196
13	2	196
10	3	196
13	4	196
8	5	196
9	6	196
10	7	196
11	8	196
10	9	196
13	10	196
12	11	196
11	0	197
12	1	197
9	2	197
12	3	197
7	4	197
10	5	197
9	6	197
12	7	197
11	8	197
14	9	197
13	10	197
12	11	197
13	0	198
10	1	198
13	2	198
6	3	198
11	4	198
10	5	198
11	6	198
10	7	198
13	8	198
14	9	198
11	10	198
12	11	198
9	0	199
14	1	199
5	2	199
12	3	199
11	4	199
10	5	199
9	6	199
14	7	199
15	8	199
10	9	199
13	10	199
12	11	199
15	0	200
6	1	200
13	2	200
12	3	200
9	4	200
8	5	200
13	6	200
16	7	200
9	8	200
12	9	200
11	10	200
12	11	200
7	0	201
14	1	201
13	2	201
10	3	201
9	4	201
14	5	201
15	6	201
8	7	201
11	8	201
12	9	201
13	10	201
12	11	201
15	0	202
12	1	202
9	2	202
10	3	202
15	4	202
16	5	202
9	6	202
10	7	202
13	8	202
14	9	202
13	10	202
12	11	202
13	0	203
8	1	203
11	2	203
16	3	203
17	4	203
8	5	203
11	6	203
12	7	203
13	8	203
14	9	203
13	10	203
12	11	203
7	0	204
10	1	204
15	2	204
16	3	204
7	4	204
10	5	204
13	6	204
12	7	204
15	8	204
12	9	204
13	10	204
12	11	204
9	0	205
16	1	205
15	2	205
8	3	205
9	4	205
14	5	205
11	6	205
16	7	205
13	8	205
12	9	205
11	10	205
12	11	205
15	0	206
14	1	206
7	2	206
10	3	206
13	4	206
12	5	206
15	6	206
14	7	206
11	8	206
10	9	206
13	10	206
12	11	206
15	0	207
6	1	207
11	2	207
12	3	207
13	4	207
16	5	207
15	6	207
12	7	207
9	8	207
12	9	207
13	10	207
12	11	207
7	0	208
10	1	208
13	2	208
12	3	208
17	4	208
16	5	208
11	6	208
8	7	208
13	8	208
14	9	208
11	10	208
12	11	208
11	0	209
14	1	209
13	2	209
18	3	209
17	4	209
10	5	209
7	6	209
12	7	209
13	8	209
10	9	209
11	10	209
12	11	209
15	0	210
12	1	210
19	2	210
16	3	210
9	4	210
6	5	210
11	6	210
12	7	210
11	8	210
10	9	210
11	10	210
12	11	210
13	0	211
20	1	211
17	2	211
8	3	211
5	4	211
10	5	211
13	6	211
12	7	211
11	8	211
12	9	211
11	10	211
12	11	211
19	0	212
16	1	212
9	2	212
6	3	212
9	4	212
14	5	212
11	6	212
12	7	212
11	8	212
10	9	212
13	10	212
12	11	212
17	0	213
10	1	213
5	2	213
10	3	213
15	4	213
12	5	213
11	6	213
12	7	213
9	8	213
12	9	213
13	10	213
12	11	213
9	0	214
4	1	214
9	2	214
14	3	214
13	4	214
10	5	214
13	6	214
8	7	214
11	8	214
12	9	214
13	10	214
12	11	214
3	0	215
10	1	215
13	2	215
12	3	215
11	4	215
12	5	215
9	6	215
12	7	215
11	8	215
14	9	215
11	10	215
12	11	215
11	0	216
12	1	216
13	2	216
10	3	216
11	4	216
8	5	216
11	6	216
12	7	216
15	8	216
10	9	216
13	10	216
12	11	216
11	0	217
14	1	217
9	2	217
12	3	217
9	4	217
10	5	217
13	6	217
16	7	217
11	8	217
14	9	217
11	10	217
12	11	217
13	0	218
8	1	218
13	2	218
10	3	218
9	4	218
12	5	218
15	6	218
12	7	218
13	8	218
10	9	218
11	10	218
12	11	218
9	0	219
14	1	219
9	2	219
10	3	219
13	4	219
14	5	219
13	6	219
14	7	219
9	8	219
12	9	219
11	10	219
12	11	219
15	0	220
8	1	220
11	2	220
12	3	220
15	4	220
14	5	220
13	6	220
10	7	220
11	8	220
10	9	220
11	10	220
12	11	220
9	0	221
10	1	221
11	2	221
14	3	221
15	4	221
12	5	221
11	6	221
12	7	221
9	8	221
10	9	221
13	10	221
12	11	221
11	0	222
12	1	222
13	2	222
14	3	222
13	4	222
12	5	222
13	6	222
10	7	222
11	8	222
12	9	222
11	10	222
12	11	222
11	0	223
14	1	223
13	2	223
12	3	223
11	4	223
14	5	223
9	6	223
10	7	223
11	8	223
12	9	223
13	10	223
12	11	223
15	0	224
12	1	224
11	2	224
10	3	224
13	4	224
8	5	224
11	6	224
10	7	224
11	8	224
14	9	224
13	10	224
12	11	224
11	0	225
10	1	225
9	2	225
14	3	225
9	4	225
12	5	225
9	6	225
12	7	225
15	8	225
14	9	225
13	10	225
12	11	225
11	0	226
8	1	226
13	2	226
10	3	226
13	4	226
10	5	226
11	6	226
16	7	226
15	8	226
14	9	226
11	10	226
12	11	226
7	0	227
12	1	227
9	2	227
14	3	227
9	4	227
12	5	227
15	6	227
14	7	227
15	8	227
10	9	227
13	10	227
12	11	227
11	0	228
10	1	228
15	2	228
8	3	228
11	4	228
14	5	228
13	6	228
14	7	228
9	8	228
14	9	228
11	10	228
12	11	228
9	0	229
14	1	229
9	2	229
10	3	229
15	4	229
14	5	229
13	6	229
8	7	229
13	8	229
10	9	229
11	10	229
12	11	229
13	0	230
10	1	230
11	2	230
16	3	230
13	4	230
14	5	230
7	6	230
12	7	230
9	8	230
12	9	230
13	10	230
12	11	230
9	0	231
12	1	231
15	2	231
14	3	231
15	4	231
6	5	231
11	6	231
10	7	231
13	8	231
12	9	231
13	10	231
12	11	231
13	0	232
16	1	232
13	2	232
16	3	232
5	4	232
10	5	232
9	6	232
12	7	232
11	8	232
12	9	232
13	10	232
12	11	232
17	0	233
14	1	233
17	2	233
6	3	233
9	4	233
8	5	233
13	6	233
12	7	233
13	8	233
12	9	233
11	10	233
12	11	233
13	0	234
18	1	234
7	2	234
8	3	234
9	4	234
14	5	234
13	6	234
12	7	234
11	8	234
10	9	234
11	10	234
12	11	234
19	0	235
8	1	235
9	2	235
10	3	235
15	4	235
12	5	235
13	6	235
10	7	235
9	8	235
12	9	235
13	10	235
12	11	235
7	0	236
10	1	236
11	2	236
14	3	236
11	4	236
12	5	236
9	6	236
8	7	236
11	8	236
12	9	236
13	10	236
12	11	236
11	0	237
10	1	237
15	2	237
12	3	237
11	4	237
10	5	237
9	6	237
10	7	237
13	8	237
12	9	237
13	10	237
12	11	237
11	0	238
16	1	238
11	2	238
10	3	238
9	4	238
8	5	238
9	6	238
14	7	238
11	8	238
12	9	238
11	10	238
12	11	238
15	0	239
12	1	239
9	2	239
8	3	239
9	4	239
10	5	239
15	6	239
10	7	239
13	8	239
12	9	239
13	10	239
12	11	239
13	0	240
10	1	240
9	2	240
8	3	240
9	4	240
16	5	240
11	6	240
12	7	240
11	8	240
14	9	240
11	10	240
12	11	240
9	0	241
10	1	241
9	2	241
10	3	241
15	4	241
10	5	241
13	6	241
12	7	241
13	8	241
12	9	241
13	10	241
12	11	241
11	0	242
10	1	242
11	2	242
14	3	242
11	4	242
14	5	242
11	6	242
12	7	242
13	8	242
12	9	242
13	10	242
12	11	242
9	0	243
10	1	243
15	2	243
12	3	243
13	4	243
12	5	243
13	6	243
14	7	243
11	8	243
14	9	243
11	10	243
12	11	243
11	0	244
16	1	244
11	2	244
14	3	244
13	4	244
14	5	244
13	6	244
12	7	244
13	8	244
12	9	244
11	10	244
12	11	244
15	0	245
12	1	245
15	2	245
12	3	245
13	4	245
14	5	245
13	6	245
14	7	245
11	8	245
10	9	245
11	10	245
12	11	245
13	0	246
14	1	246
11	2	246
14	3	246
15	4	246
14	5	246
13	6	246
12	7	246
9	8	246
12	9	246
13	10	246
12	11	246
15	0	247
12	1	247
15	2	247
16	3	247
15	4	247
12	5	247
13	6	247
8	7	247
13	8	247
12	9	247
11	10	247
12	11	247
11	0	248
16	1	248
15	2	248
16	3	248
13	4	248
14	5	248
9	6	248
12	7	248
11	8	248
12	9	248
11	10	248
12	11	248
17	0	249
14	1	249
17	2	249
14	3	249
13	4	249
8	5	249
13	6	249
10	7	249
13	8	249
10	9	249
11	10	249
12	11	249
15	0	250
16	1	250
15	2	250
12	3	250
9	4	250
14	5	250
9	6	250
12	7	250
11	8	250
12	9	250
11	10	250
12	11	250
17	0	251
14	1	251
13	2	251
10	3	251
13	4	251
8	5	251
13	6	251
10	7	251
13	8	251
12	9	251
11	10	251
12	11	251
13	0	252
14	1	252
9	2	252
12	3	252
9	4	252
14	5	252
9	6	252
14	7	252
13	8	252
10	9	252
11	10	252
12	11	252
15	0	253
10	1	253
11	2	253
8	3	253
15	4	253
8	5	253
13	6	253
14	7	253
11	8	253
12	9	253
11	10	253
12	11	253
11	0	254
10	1	254
9	2	254
14	3	254
9	4	254
14	5	254
13	6	254
12	7	254
11	8	254
10	9	254
13	10	254
12	11	254
11	0	255
8	1	255
13	2	255
8	3	255
15	4	255
14	5	255
13	6	255
12	7	255
9	8	255
14	9	255
11	10	255
12	11	255
7	0	256
14	1	256
9	2	256
16	3	256
13	4	256
14	5	256
11	6	256
8	7	256
13	8	256
12	9	256
11	10	256
12	11	256
13	0	257
8	1	257
15	2	257
12	3	257
15	4	257
10	5	257
9	6	257
14	7	257
13	8	257
12	9	257
13	10	257
12	11	257
9	0	258
14	1	258
13	2	258
14	3	258
11	4	258
8	5	258
15	6	258
12	7	258
13	8	258
12	9	258
13	10	258
12	11	258
15	0	259
12	1	259
13	2	259
12	3	259
9	4	259
16	5	259
11	6	259
12	7	259
11	8	259
14	9	259
13	10	259
12	11	259
13	0	260
12	1	260
13	2	260
10	3	260
15	4	260
12	5	260
11	6	260
12	7	260
15	8	260
12	9	260
13	10	260
12	11	260
13	0	261
14	1	261
11	2	261
14	3	261
13	4	261
12	5	261
13	6	261
16	7	261
13	8	261
12	9	261
13	10	261
12	11	261
13	0	262
10	1	262
13	2	262
14	3	262
13	4	262
14	5	262
17	6	262
12	7	262
13	8	262
12	9	262
13	10	262
12	11	262
9	0	263
12	1	263
13	2	263
14	3	263
15	4	263
16	5	263
13	6	263
12	7	263
11	8	263
12	9	263
11	10	263
12	11	263
13	0	264
14	1	264
15	2	264
16	3	264
15	4	264
12	5	264
11	6	264
12	7	264
13	8	264
12	9	264
11	10	264
12	11	264
15	0	265
16	1	265
15	2	265
16	3	265
11	4	265
12	5	265
13	6	265
12	7	265
13	8	265
12	9	265
11	10	265
12	11	265
15	0	266
14	1	266
17	2	266
12	3	266
13	4	266
12	5	266
13	6	266
12	7	266
11	8	266
10	9	266
11	10	266
12	11	266
13	0	267
18	1	267
13	2	267
14	3	267
13	4	267
12	5	267
11	6	267
10	7	267
11	8	267
12	9	267
13	10	267
12	11	267
17	0	268
14	1	268
15	2	268
12	3	268
11	4	268
12	5	268
9	6	268
10	7	268
11	8	268
12	9	268
13	10	268
12	11	268
15	0	269
16	1	269
13	2	269
10	3	269
11	4	269
10	5	269
9	6	269
10	7	269
13	8	269
14	9	269
11	10	269
12	11	269
15	0	270
12	1	270
11	2	270
12	3	270
11	4	270
8	5	270
9	6	270
12	7	270
15	8	270
12	9	270
13	10	270
12	11	270
11	0	271
12	1	271
11	2	271
10	3	271
9	4	271
10	5	271
13	6	271
16	7	271
13	8	271
14	9	271
13	10	271
12	11	271
11	0	272
10	1	272
9	2	272
10	3	272
11	4	272
14	5	272
15	6	272
14	7	272
13	8	272
12	9	272
13	10	272
12	11	272
9	0	273
10	1	273
11	2	273
10	3	273
13	4	273
16	5	273
13	6	273
14	7	273
13	8	273
12	9	273
13	10	273
12	11	273
11	0	274
10	1	274
9	2	274
12	3	274
15	4	274
12	5	274
15	6	274
14	7	274
11	8	274
14	9	274
11	10	274
12	11	274
9	0	275
10	1	275
11	2	275
16	3	275
13	4	275
14	5	275
15	6	275
12	7	275
15	8	275
12	9	275
13	10	275
12	11	275
11	0	276
12	1	276
17	2	276
14	3	276
15	4	276
14	5	276
11	6	276
14	7	276
11	8	276
12	9	276
13	10	276
12	11	276
11	0	277
18	1	277
13	2	277
16	3	277
15	4	277
10	5	277
15	6	277
10	7	277
11	8	277
14	9	277
13	10	277
12	11	277
19	0	278
14	1	278
15	2	278
14	3	278
11	4	278
14	5	278
9	6	278
10	7	278
15	8	278
14	9	278
11	10	278
12	11	278
15	0	279
14	1	279
15	2	279
12	3	279
13	4	279
8	5	279
11	6	279
14	7	279
15	8	279
12	9	279
13	10	279
12	11	279
15	0	280
16	1	280
11	2	280
14	3	280
9	4	280
12	5	280
13	6	280
14	7	280
11	8	280
14	9	280
13	10	280
12	11	280
15	0	281
10	1	281
15	2	281
8	3	281
13	4	281
12	5	281
13	6	281
10	7	281
13	8	281
14	9	281
11	10	281
12	11	281
11	0	282
14	1	282
7	2	282
12	3	282
13	4	282
14	5	282
11	6	282
12	7	282
15	8	282
10	9	282
13	10	282
12	11	282
13	0	283
8	1	283
11	2	283
12	3	283
15	4	283
12	5	283
13	6	283
16	7	283
11	8	283
12	9	283
11	10	283
12	11	283
7	0	284
12	1	284
11	2	284
14	3	284
13	4	284
12	5	284
17	6	284
12	7	284
11	8	284
12	9	284
13	10	284
12	11	284
11	0	285
12	1	285
13	2	285
12	3	285
11	4	285
18	5	285
13	6	285
10	7	285
13	8	285
12	9	285
11	10	285
12	11	285
13	0	286
12	1	286
11	2	286
10	3	286
17	4	286
14	5	286
11	6	286
14	7	286
11	8	286
10	9	286
13	10	286
12	11	286
11	0	287
10	1	287
9	2	287
16	3	287
15	4	287
10	5	287
15	6	287
10	7	287
11	8	287
12	9	287
13	10	287
12	11	287
9	0	288
8	1	288
15	2	288
16	3	288
9	4	288
14	5	288
11	6	288
12	7	288
11	8	288
14	9	288
13	10	288
12	11	288
7	0	289
16	1	289
17	2	289
10	3	289
13	4	289
12	5	289
13	6	289
10	7	289
15	8	289
12	9	289
11	10	289
12	11	289
17	0	290
18	1	290
9	2	290
14	3	290
11	4	290
14	5	290
9	6	290
16	7	290
11	8	290
10	9	290
11	10	290
12	11	290
19	0	291
8	1	291
15	2	291
10	3	291
15	4	291
10	5	291
15	6	291
12	7	291
11	8	291
12	9	291
11	10	291
12	11	291
9	0	292
14	1	292
11	2	292
14	3	292
9	4	292
14	5	292
13	6	292
12	7	292
11	8	292
12	9	292
13	10	292
12	11	292
13	0	293
12	1	293
15	2	293
10	3	293
15	4	293
14	5	293
11	6	293
12	7	293
13	8	293
12	9	293
13	10	293
12	11	293
11	0	294
14	1	294
9	2	294
16	3	294
13	4	294
10	5	294
11	6	294
12	7	294
13	8	294
12	9	294
13	10	294
12	11	294
15	0	295
10	1	295
17	2	295
12	3	295
11	4	295
12	5	295
13	6	295
14	7	295
11	8	295
14	9	295
13	10	295
12	11	295
11	0	296
16	1	296
13	2	296
10	3	296
11	4	296
12	5	296
15	6	296
12	7	296
15	8	296
14	9	296
11	10	296
12	11	296
17	0	297
14	1	297
11	2	297
12	3	297
11	4	297
16	5	297
11	6	297
14	7	297
13	8	297
12	9	297
13	10	297
12	11	297
15	0	298
10	1	298
11	2	298
10	3	298
15	4	298
12	5	298
15	6	298
14	7	298
11	8	298
12	9	298
11	10	298
12	11	298
9	0	299
10	1	299
9	2	299
14	3	299
13	4	299
14	5	299
13	6	299
10	7	299
11	8	299
12	9	299
13	10	299
12	11	299
11	0	300
10	1	300
15	2	300
14	3	300
13	4	300
12	5	300
11	6	300
12	7	300
11	8	300
14	9	300
11	10	300
12	11	300
9	0	301
14	1	301
13	2	301
14	3	301
11	4	301
12	5	301
13	6	301
12	7	301
15	8	301
10	9	301
13	10	301
13	0	302
12	1	302
15	2	302
12	3	302
11	4	302
12	5	302
13	6	302
14	7	302
11	8	302
14	9	302
11	0	303
14	1	303
11	2	303
12	3	303
13	4	303
12	5	303
15	6	303
12	7	303
13	8	303
15	0	304
12	1	304
13	2	304
14	3	304
13	4	304
14	5	304
13	6	304
12	7	304
13	0	305
12	1	305
15	2	305
14	3	305
15	4	305
14	5	305
13	6	305
11	0	306
14	1	306
13	2	306
14	3	306
15	4	306
12	5	306
15	0	307
14	1	307
13	2	307
14	3	307
11	4	307
15	0	308
14	1	308
13	2	308
10	3	308
15	0	309
12	1	309
11	2	309
11	0	310
10	1	310
9	0	311
